config,grade,brier_F1,brier_F2,brier_F3,brier_mean,logloss_mean,accuracy_mean
production,first_grade,0.5659759089500842,0.6014814730224731,0.5049256478616211,0.5574610099447261,0.9444971731717029,0.576412720201327
champion,first_grade,0.5710943736267649,0.6002394970693906,0.4878869662923878,0.5530736123295145,0.9389623914101881,0.5622283230382064
